{
    "RSP_OPT":{
        "g":0,
        "h":0.34551072945922184
    },
    "OLP_OPT":{
        "g":1.282051282051282,
        "h":0.34551072945922184
    },
    "OLP_NOOPT":{
        "g":2.051282051282051,
        "h":38.88155180308085
    }
}
